,SssO,maxssCH2,ATSc5,BCUTp-1l,ATSc2,ALogP,WTPT-2,BCUTc-1h,minHBint10,minHBint4,XLogP,n6Ring,SsOH,ATSc3,maxHCsatu,mindssC,BCUTc-1l,minHBa,MDEC-22,SdssC
0,30.02512895851687,1.5196787962975615,-2.8897467231902025,2.93863205007362,-0.0168266723339352,5.181645151703886,2.1419566982009015,0.5275837150560971,10.59430974750828,10.081643347463071,14.282987214803649,0.004973441436491035,65.62521999637748,0.537634120463997,0.0024538856825384904,-1.903301273594192,-0.42170335666895425,-2.4535830622306283,35.32060803667787,13.09076461750081
