,SssO,maxssCH2,ATSc5,BCUTp-1l,ATSc2,ALogP,WTPT-2,BCUTc-1h,minHBint10,minHBint4,XLogP,n6Ring,SsOH,ATSc3,maxHCsatu,mindssC,BCUTc-1l,minHBa,MDEC-22,SdssC
0,30.024938641788797,1.5187032852875417,-2.889968442029991,2.93879587785932,-0.01583356871167263,5.180404663439106,2.1419500892775547,0.5276118426049095,10.589873297639048,10.082028794490304,14.273569186361764,9.271502632968168e-05,65.62520049962468,0.5377388265614385,4.052594037711265e-05,-1.9029145525324915,-0.42148240385609287,-2.422632505339912,35.320704550520716,13.099268898905024
